id;active;lan_id;pwp_id;last_name;first_name
1;false;Metrics wireless National;Soft driver;Reilly;Palma
2;false;Ball program;redundant;Friesen;Keagan
3;false;loyalty 1080p rich;Global online National;Tremblay;Imogene
4;true;array users;systems Keyboard Advanced;Ledner;Nathaniel
5;false;ubiquitous;enterprise;Stoltenberg;Zoila
6;false;Granite generating;Village lavender Hat;Schumm;Jimmy
7;false;Table;hacking redefine;Bernhard;Cheyanne
8;false;Shoes;deliverables Keyboard;Jones;Sheila
9;false;Account Progressive;navigate Slovenia;Grady;Natalia
10;false;Cambridgeshire;Rial Games Account;Russel;Samara
